                  epoch,         train/box_loss,         train/cls_loss,         train/dfl_loss,   metrics/precision(B),      metrics/recall(B),       metrics/mAP50(B),    metrics/mAP50-95(B),           val/box_loss,           val/cls_loss,           val/dfl_loss,                 lr/pg0,                 lr/pg1,                 lr/pg2
                      1,                 1.8744,                 4.0001,                 4.2476,                 0.0023,                0.08315,                0.00142,                0.00026,                 1.5249,                 3.7438,                 4.1165,                 0.0793,                 0.0023,                 0.0023
                      2,                 2.0269,                 3.7942,                 4.1769,                0.00268,                 0.0812,                0.00197,                0.00035,                 1.5274,                 3.6784,                 4.0852,               0.057677,              0.0046767,              0.0046767
                      3,                 2.1417,                 3.5917,                 4.1213,                0.00482,                 0.1064,                0.00328,                0.00067,                 1.5224,                 3.6314,                 4.0601,                0.03603,              0.0070297,              0.0070297
                      4,                  2.285,                 3.4621,                 4.0578,                0.00389,                 0.1248,                0.00422,                0.00089,                 1.5137,                  3.656,                 4.0363,               0.014359,              0.0093589,              0.0093589
                      5,                 2.3687,                 3.2793,                 3.9713,                0.53063,                0.05669,                0.02477,                0.00618,                 1.4411,                 3.8759,                 4.2628,               0.009802,               0.009802,               0.009802
                      6,                 2.4456,                 3.0767,                 3.8207,                0.54489,                0.06585,                0.03625,                 0.0098,                 1.4187,                 12.671,                  4.608,               0.009802,               0.009802,               0.009802
                      7,                 2.3929,                 2.8933,                 3.6233,                0.03244,                0.37206,                0.03749,                0.01005,                 1.4625,                    inf,                 5.7469,              0.0097525,              0.0097525,              0.0097525
                      8,                 2.2582,                 2.8123,                 3.4548,                0.01798,                0.26871,                0.02316,                0.00644,                 1.4337,                 7.7785,                 5.2531,               0.009703,               0.009703,               0.009703
                      9,                 2.0865,                  2.704,                  3.256,                0.54302,                0.14496,                0.06255,                0.02005,                 1.4288,                  18.58,                 4.7833,              0.0096535,              0.0096535,              0.0096535
                     10,                 1.9264,                 2.6344,                 3.0984,                0.08784,                0.09625,                0.05775,                0.02095,                 1.2159,                  3.609,                 3.3979,               0.009604,               0.009604,               0.009604
                     11,                 1.8204,                 2.5447,                 2.9683,                0.32816,                0.13021,                0.06132,                 0.0238,                0.98299,                 3.2638,                 3.0097,              0.0095545,              0.0095545,              0.0095545
                     12,                 1.7735,                  2.459,                 2.8807,                 0.0633,                0.22971,                0.04414,                0.01607,                0.87003,                 3.3987,                 2.8782,               0.009505,               0.009505,               0.009505
                     13,                 1.7251,                 2.3811,                 2.8064,                0.11029,                0.22784,                0.06566,                0.02523,                0.90071,                 3.2788,                 2.9068,              0.0094555,              0.0094555,              0.0094555
                     14,                 1.6612,                 2.2994,                 2.7024,                0.10907,                0.18463,                0.07932,                0.02932,                  0.867,                 3.3168,                 2.7912,               0.009406,               0.009406,               0.009406
                     15,                 1.6299,                 2.2619,                 2.6396,                0.14719,                0.22399,                0.10997,                0.04474,                0.73847,                 2.9928,                 2.6218,              0.0093565,              0.0093565,              0.0093565
                     16,                 1.6098,                 2.1719,                 2.5777,                0.27458,                0.27135,                0.23048,                0.09506,                0.74302,                 3.0583,                 2.5848,               0.009307,               0.009307,               0.009307
                     17,                 1.5669,                 2.1108,                 2.5064,                0.38034,                0.35002,                0.30388,                0.13866,                0.71811,                 2.5958,                 2.5508,              0.0092575,              0.0092575,              0.0092575
                     18,                 1.5276,                 2.0411,                 2.4337,                0.41379,                0.38504,                0.32333,                0.15197,                0.70621,                 2.2771,                  2.532,               0.009208,               0.009208,               0.009208
                     19,                 1.4986,                  1.993,                 2.3845,                0.42606,                0.46449,                0.35195,                0.16698,                0.64786,                  2.191,                 2.4556,              0.0091585,              0.0091585,              0.0091585
                     20,                 1.4601,                 1.9513,                 2.3271,                0.34527,                0.49901,                0.40957,                0.21405,                0.58226,                 2.0936,                 2.3506,               0.009109,               0.009109,               0.009109
                     21,                 1.4443,                 1.8903,                 2.2799,                0.39459,                0.46527,                 0.3951,                0.19861,                0.60349,                 2.0767,                 2.3777,              0.0090595,              0.0090595,              0.0090595
                     22,                 1.4064,                 1.8656,                 2.2434,                0.47926,                0.43638,                0.39504,                0.20105,                0.55565,                 2.0789,                 2.2988,                0.00901,                0.00901,                0.00901
                     23,                 1.3597,                 1.8159,                 2.1822,                0.44053,                0.43656,                0.41146,                0.21939,                0.50418,                 2.3069,                 2.1951,              0.0089605,              0.0089605,              0.0089605
                     24,                 1.3711,                  1.747,                 2.1621,                0.38876,                0.42385,                0.36538,                0.20514,                0.48758,                 2.1547,                 2.1706,               0.008911,               0.008911,               0.008911
                     25,                 1.3415,                 1.7537,                  2.129,                0.41553,                0.53213,                0.47737,                0.25529,                0.47147,                 1.8533,                 2.1537,              0.0088615,              0.0088615,              0.0088615
                     26,                 1.3179,                 1.6901,                 2.0789,                0.47604,                0.48644,                 0.4943,                0.28628,                0.47132,                 1.6962,                 2.1302,               0.008812,               0.008812,               0.008812
                     27,                 1.3259,                 1.6681,                 2.0829,                0.49158,                0.51969,                0.52575,                0.31733,                0.43046,                 1.6378,                 2.0661,              0.0087625,              0.0087625,              0.0087625
                     28,                  1.284,                 1.6345,                  2.041,                0.52834,                0.51464,                0.54429,                 0.3123,                0.48548,                 1.6889,                 2.0999,               0.008713,               0.008713,               0.008713
                     29,                 1.2673,                  1.601,                 2.0119,                0.48756,                 0.5449,                0.53446,                0.32928,                 0.4085,                 1.5472,                 2.0192,              0.0086635,              0.0086635,              0.0086635
                     30,                 1.2302,                 1.5713,                 1.9863,                0.51837,                0.48029,                0.53514,                0.32973,                0.41375,                 1.6406,                 2.0162,               0.008614,               0.008614,               0.008614
                     31,                 1.2589,                 1.5633,                 1.9904,                0.48207,                0.61338,                0.56796,                0.34861,                0.41873,                 1.6058,                 1.9953,              0.0085645,              0.0085645,              0.0085645
                     32,                 1.2547,                 1.5212,                 1.9654,                0.46407,                0.59115,                0.58583,                0.37371,                0.37303,                 1.4754,                 1.9378,               0.008515,               0.008515,               0.008515
                     33,                 1.2216,                 1.4715,                 1.9322,                0.52037,                 0.6238,                0.62577,                0.39517,                0.39004,                 1.4837,                 1.9432,              0.0084655,              0.0084655,              0.0084655
                     34,                 1.1818,                 1.4567,                 1.9028,                0.54864,                0.56516,                0.60953,                0.37046,                0.42508,                  1.514,                 1.9736,               0.008416,               0.008416,               0.008416
                     35,                 1.1835,                 1.4419,                 1.8937,                0.48477,                0.63342,                0.60814,                0.39232,                 0.4026,                 1.4662,                 1.9566,              0.0083665,              0.0083665,              0.0083665
                     36,                 1.1519,                 1.4137,                 1.8624,                0.50679,                0.64922,                0.62062,                0.40639,                0.36429,                 1.4128,                 1.9177,               0.008317,               0.008317,               0.008317
                     37,                 1.1574,                 1.3958,                 1.8558,                0.57566,                0.63753,                0.66794,                0.43949,                0.36239,                  1.406,                 1.8816,              0.0082675,              0.0082675,              0.0082675
                     38,                 1.1344,                 1.3795,                 1.8447,                0.62125,                0.58406,                0.67417,                0.44614,                0.34716,                 1.2899,                 1.8419,               0.008218,               0.008218,               0.008218
                     39,                  1.123,                 1.3567,                 1.8233,                0.59704,                0.66789,                0.68614,                0.45365,                0.36798,                 1.3202,                 1.8692,              0.0081685,              0.0081685,              0.0081685
                     40,                 1.1313,                 1.3483,                 1.8219,                0.58089,                0.65296,                 0.6804,                0.46343,                 0.3189,                 1.2668,                 1.8048,               0.008119,               0.008119,               0.008119
                     41,                 1.1016,                 1.3186,                 1.7854,                0.55916,                0.62763,                0.63457,                0.41921,                0.34113,                 1.2841,                 1.8456,              0.0080695,              0.0080695,              0.0080695
                     42,                 1.1007,                 1.3206,                 1.7825,                0.52297,                0.69644,                0.66667,                 0.4584,                0.30671,                 1.2704,                 1.7834,                0.00802,                0.00802,                0.00802
                     43,                 1.0776,                  1.276,                 1.7547,                0.62579,                0.64665,                0.69546,                0.46211,                0.30661,                 1.1799,                 1.7853,              0.0079705,              0.0079705,              0.0079705
                     44,                 1.0523,                 1.2646,                 1.7449,                0.61267,                0.68267,                0.70987,                0.48308,                0.32912,                  1.176,                 1.7764,               0.007921,               0.007921,               0.007921
                     45,                 1.0543,                 1.2515,                 1.7401,                0.65945,                0.65166,                 0.7178,                0.48644,                0.31559,                 1.1955,                 1.7772,              0.0078715,              0.0078715,              0.0078715
                     46,                 1.0571,                   1.25,                 1.7284,                0.62326,                0.70601,                0.75041,                0.50526,                0.30235,                 1.1597,                 1.7545,               0.007822,               0.007822,               0.007822
                     47,                 1.0324,                 1.2171,                   1.71,                0.65181,                0.67383,                0.73062,                0.50618,                0.28149,                 1.1357,                 1.6957,              0.0077725,              0.0077725,              0.0077725
                     48,                 1.0311,                  1.209,                 1.7085,                0.60512,                0.76028,                0.74081,                0.50697,                0.28138,                 1.1294,                 1.6994,               0.007723,               0.007723,               0.007723
                     49,                 1.0356,                 1.2081,                 1.7067,                0.65055,                0.72263,                0.74149,                0.49706,                0.29406,                 1.1408,                 1.7364,              0.0076735,              0.0076735,              0.0076735
                     50,                  1.034,                 1.2013,                 1.7069,                0.62681,                0.69655,                0.73221,                 0.4803,                0.29731,                 1.1307,                 1.7447,               0.007624,               0.007624,               0.007624
                     51,                 1.0065,                 1.1777,                 1.6866,                0.61139,                 0.7913,                0.76444,                0.53813,                0.26742,                 1.0784,                 1.6425,              0.0075745,              0.0075745,              0.0075745
                     52,                 1.0206,                  1.184,                  1.686,                0.67803,                0.71986,                0.75622,                0.51554,                0.27084,                 1.0922,                 1.6508,               0.007525,               0.007525,               0.007525
                     53,                 1.0219,                 1.1718,                 1.6854,                0.57925,                0.72576,                0.74158,                 0.5221,                0.26087,                 1.0998,                 1.6352,              0.0074755,              0.0074755,              0.0074755
                     54,                0.96697,                 1.1448,                 1.6381,                0.55112,                0.72129,                0.72257,                0.50705,                0.26502,                 1.0752,                 1.6467,               0.007426,               0.007426,               0.007426
                     55,                0.99491,                 1.1545,                 1.6593,                0.60743,                0.73064,                0.72641,                0.49077,                0.27686,                  1.121,                 1.6773,              0.0073765,              0.0073765,              0.0073765
                     56,                0.98417,                   1.13,                 1.6456,                0.68381,                0.72545,                0.77814,                0.54416,                0.24703,                 1.0888,                 1.6154,               0.007327,               0.007327,               0.007327
                     57,                0.95875,                 1.1047,                 1.6345,                0.62785,                0.78538,                0.78298,                0.53422,                0.27064,                 1.0109,                 1.6503,              0.0072775,              0.0072775,              0.0072775
                     58,                0.96752,                 1.0961,                 1.6224,                0.66186,                0.69812,                 0.7631,                0.53632,                0.25145,                 1.0242,                 1.6191,               0.007228,               0.007228,               0.007228
                     59,                0.96705,                 1.1007,                 1.6227,                0.67986,                0.75733,                0.76989,                0.55541,                0.23432,                 0.9884,                 1.5627,              0.0071785,              0.0071785,              0.0071785
                     60,                0.94428,                 1.0951,                  1.601,                0.61858,                  0.775,                0.77777,                0.55249,                0.23938,                 1.0203,                 1.5697,               0.007129,               0.007129,               0.007129
                     61,                0.95538,                 1.0866,                 1.6095,                0.71604,                0.71754,                 0.7864,                0.54715,                0.26928,                 1.0186,                 1.6295,              0.0070795,              0.0070795,              0.0070795
                     62,                0.93991,                 1.0783,                 1.5943,                0.63559,                0.81032,                0.80778,                0.57615,                0.24174,                0.94776,                 1.5767,                0.00703,                0.00703,                0.00703
                     63,                0.92331,                 1.0486,                 1.5779,                0.66496,                0.75568,                 0.7802,                0.54968,                 0.2452,                 0.9489,                 1.5948,              0.0069805,              0.0069805,              0.0069805
                     64,                0.92946,                 1.0449,                 1.5723,                0.67741,                 0.7895,                0.78688,                0.53871,                 0.2566,                0.98233,                 1.6152,               0.006931,               0.006931,               0.006931
                     65,                 0.9325,                 1.0597,                 1.5783,                 0.7767,                0.73365,                0.82862,                 0.5904,                0.23277,                0.94956,                 1.5619,              0.0068815,              0.0068815,              0.0068815
                     66,                0.93596,                 1.0319,                 1.5741,                0.68433,                0.76871,                0.80453,                0.57391,                0.22462,                 0.9404,                 1.5431,               0.006832,               0.006832,               0.006832
                     67,                0.92168,                 1.0338,                 1.5747,                0.67053,                0.76405,                0.81315,                 0.5724,                0.24158,                0.92238,                 1.5802,              0.0067825,              0.0067825,              0.0067825
                     68,                0.91491,                 1.0294,                 1.5703,                0.74425,                0.71677,                0.79671,                0.57833,                0.23923,                 0.9802,                 1.5732,               0.006733,               0.006733,               0.006733
                     69,                0.87317,                0.98641,                 1.5263,                0.74777,                0.70286,                0.79973,                0.56511,                0.25315,                0.98267,                 1.6006,              0.0066835,              0.0066835,              0.0066835
                     70,                0.89825,                0.99736,                 1.5435,                0.71419,                0.76321,                0.81778,                0.58316,                0.22414,                0.93972,                  1.528,               0.006634,               0.006634,               0.006634
                     71,                0.88713,                0.99363,                 1.5354,                0.78945,                0.74715,                0.84206,                0.59429,                0.22534,                0.92985,                 1.5359,              0.0065845,              0.0065845,              0.0065845
                     72,                0.89742,                0.99953,                  1.544,                0.72518,                0.77519,                 0.8352,                0.56579,                0.26748,                0.95566,                 1.6127,               0.006535,               0.006535,               0.006535
                     73,                  0.878,                0.98102,                 1.5197,                0.80654,                0.74289,                 0.8617,                0.62276,                0.21806,                0.85349,                 1.5151,              0.0064855,              0.0064855,              0.0064855
                     74,                0.88611,                0.98098,                 1.5276,                0.66117,                0.84419,                0.81324,                0.59699,                0.21245,                0.92986,                 1.5026,               0.006436,               0.006436,               0.006436
                     75,                0.88171,                0.97511,                 1.5182,                0.69598,                0.82221,                0.83523,                0.60722,                0.21161,                0.88222,                 1.4987,              0.0063865,              0.0063865,              0.0063865
                     76,                0.88017,                0.95698,                 1.5059,                0.72421,                0.79504,                  0.843,                0.59918,                0.23023,                0.87762,                 1.5338,               0.006337,               0.006337,               0.006337
                     77,                0.86267,                0.95702,                 1.4954,                0.72121,                0.79689,                0.86123,                0.62502,                0.21316,                0.88689,                 1.4998,              0.0062875,              0.0062875,              0.0062875
                     78,                0.85654,                0.96255,                 1.4909,                 0.7048,                0.87357,                0.87573,                0.62792,                0.20374,                0.85092,                 1.4771,               0.006238,               0.006238,               0.006238
                     79,                0.84069,                0.94656,                 1.4769,                0.74782,                0.86507,                0.88447,                0.63431,                0.21105,                0.83494,                 1.4877,              0.0061885,              0.0061885,              0.0061885
                     80,                0.86835,                0.94335,                 1.5051,                0.73324,                0.82668,                0.85565,                0.60327,                0.21549,                0.87556,                 1.5021,               0.006139,               0.006139,               0.006139
                     81,                0.84533,                0.95054,                 1.4961,                0.79206,                0.79035,                0.85909,                0.61625,                0.21358,                0.83125,                 1.4849,              0.0060895,              0.0060895,              0.0060895
                     82,                0.86047,                0.94121,                 1.4912,                0.73217,                0.86672,                 0.8689,                0.63751,                0.20194,                0.80598,                 1.4651,                0.00604,                0.00604,                0.00604
                     83,                0.84584,                0.93074,                 1.4807,                0.76536,                0.80832,                0.87018,                0.60433,                0.21965,                 0.8432,                 1.5029,              0.0059905,              0.0059905,              0.0059905
                     84,                0.84098,                0.93253,                 1.4788,                0.75408,                0.80779,                0.86322,                0.62038,                0.21745,                0.89605,                 1.5052,               0.005941,               0.005941,               0.005941
                     85,                 0.8342,                0.91582,                 1.4692,                 0.7655,                0.77711,                0.86496,                0.61974,                0.21913,                 0.8501,                 1.5093,              0.0058915,              0.0058915,              0.0058915
                     86,                0.85639,                0.94527,                 1.4927,                0.82573,                0.78435,                0.87771,                0.64824,                0.19226,                0.83907,                 1.4522,               0.005842,               0.005842,               0.005842
                     87,                0.83563,                0.91488,                 1.4686,                0.78338,                0.79157,                0.86617,                0.61655,                0.20021,                0.84728,                 1.4706,              0.0057925,              0.0057925,              0.0057925
                     88,                 0.8287,                0.92851,                 1.4655,                0.75341,                 0.7985,                0.86167,                0.61724,                0.20346,                0.86726,                 1.4678,               0.005743,               0.005743,               0.005743
                     89,                0.81043,                0.88813,                 1.4441,                0.82191,                0.74724,                0.86588,                0.63344,                0.19146,                 0.8321,                 1.4559,              0.0056935,              0.0056935,              0.0056935
                     90,                 0.8235,                0.89744,                 1.4534,                0.79455,                0.76464,                0.86366,                0.62889,                0.20484,                0.82255,                 1.4873,               0.005644,               0.005644,               0.005644
                     91,                0.81289,                0.88988,                 1.4401,                0.82837,                0.76859,                0.87587,                0.64281,                0.20149,                0.83721,                 1.4803,              0.0055945,              0.0055945,              0.0055945
                     92,                0.82986,                0.90147,                 1.4539,                0.82612,                0.75766,                0.87128,                0.62255,                0.20478,                 0.8504,                 1.4721,               0.005545,               0.005545,               0.005545
                     93,                0.81744,                0.89152,                 1.4505,                0.74451,                0.88582,                0.89885,                0.64961,                0.19704,                 0.8083,                 1.4564,              0.0054955,              0.0054955,              0.0054955
                     94,                0.80744,                0.88286,                 1.4421,                0.73761,                0.85824,                 0.8841,                   0.64,                0.20012,                0.82929,                 1.4651,               0.005446,               0.005446,               0.005446
                     95,                0.79761,                0.88259,                 1.4244,                0.79326,                0.77736,                0.87466,                0.61658,                0.21386,                0.83672,                 1.4951,              0.0053965,              0.0053965,              0.0053965
                     96,                0.79853,                0.87018,                 1.4265,                0.76214,                0.81159,                0.87535,                0.65221,                 0.1932,                0.80336,                 1.4366,               0.005347,               0.005347,               0.005347
                     97,                0.80911,                0.87199,                 1.4265,                0.79677,                0.80878,                0.88441,                0.63964,                0.19617,                0.80205,                 1.4519,              0.0052975,              0.0052975,              0.0052975
                     98,                0.79558,                0.85202,                 1.4232,                0.85813,                0.79509,                0.89372,                0.65459,                0.19898,                0.79966,                 1.4614,               0.005248,               0.005248,               0.005248
                     99,                0.80357,                0.85949,                 1.4303,                0.78763,                 0.8532,                0.90533,                  0.661,                0.20247,                0.77957,                 1.4556,              0.0051985,              0.0051985,              0.0051985
                    100,                0.79389,                0.85153,                 1.4131,                0.79219,                0.86934,                 0.9063,                0.65164,                0.19632,                0.77717,                 1.4364,               0.005149,               0.005149,               0.005149
                    101,                0.81072,                0.86851,                 1.4383,                0.80218,                0.80254,                0.90661,                0.66149,                0.19276,                0.78781,                 1.4396,              0.0050995,              0.0050995,              0.0050995
                    102,                0.80111,                0.85477,                 1.4195,                0.83389,                0.80034,                0.90379,                0.65858,                0.19065,                0.78448,                  1.437,                0.00505,                0.00505,                0.00505
                    103,                0.78844,                0.86295,                 1.4245,                0.79547,                0.87618,                0.91605,                0.65856,                0.18037,                0.76042,                 1.4173,              0.0050005,              0.0050005,              0.0050005
                    104,                0.78417,                0.84702,                 1.4058,                0.82958,                0.83211,                0.88999,                0.66946,                0.18191,                0.78437,                 1.4011,               0.004951,               0.004951,               0.004951
                    105,                0.79406,                0.86031,                 1.4282,                0.74132,                0.85175,                0.88653,                0.64188,                0.20952,                0.82914,                 1.4724,              0.0049015,              0.0049015,              0.0049015
                    106,                0.77343,                0.83456,                 1.3996,                0.84022,                0.80538,                0.88832,                0.64051,                0.19486,                 0.8103,                 1.4592,               0.004852,               0.004852,               0.004852
                    107,                0.77372,                0.83556,                 1.3962,                0.82919,                0.80097,                0.90128,                0.65852,                0.19137,                0.78075,                  1.435,              0.0048025,              0.0048025,              0.0048025
                    108,                0.76922,                0.81637,                 1.3905,                0.81235,                0.83545,                0.90572,                0.65352,                0.19069,                0.76739,                 1.4369,               0.004753,               0.004753,               0.004753
                    109,                 0.7604,                0.81296,                 1.3831,                0.79301,                0.84495,                0.90538,                0.66917,                 0.1872,                0.75888,                 1.4293,              0.0047035,              0.0047035,              0.0047035
                    110,                0.75752,                0.80525,                 1.3785,                 0.8484,                0.83379,                0.91659,                0.66923,                 0.1888,                 0.7445,                 1.4376,               0.004654,               0.004654,               0.004654
                    111,                 0.7754,                 0.8283,                 1.4015,                0.75129,                0.88556,                0.89863,                0.64415,                0.20371,                0.75211,                 1.4537,              0.0046045,              0.0046045,              0.0046045
                    112,                0.76521,                0.82372,                 1.3819,                0.76545,                0.84189,                0.90816,                0.64532,                0.20247,                0.76932,                 1.4508,               0.004555,               0.004555,               0.004555
                    113,                0.75104,                0.80651,                 1.3728,                0.83274,                0.81954,                0.91151,                0.67172,                0.17951,                0.75596,                 1.3991,              0.0045055,              0.0045055,              0.0045055
                    114,                0.75848,                0.81228,                 1.3763,                0.85874,                0.80817,                0.91481,                0.68354,                0.17657,                0.74184,                  1.388,               0.004456,               0.004456,               0.004456
                    115,                0.73608,                0.79495,                 1.3618,                0.85027,                0.78523,                0.90326,                0.68446,                0.16792,                0.73922,                 1.3752,              0.0044065,              0.0044065,              0.0044065
                    116,                0.74597,                0.79235,                 1.3663,                0.76087,                0.83145,                 0.8952,                0.65945,                0.17708,                0.76064,                 1.4051,               0.004357,               0.004357,               0.004357
                    117,                0.74565,                0.79259,                 1.3654,                0.83141,                0.83168,                0.91715,                0.68248,                0.17301,                0.72884,                 1.3923,              0.0043075,              0.0043075,              0.0043075
                    118,                0.75939,                0.80491,                 1.3869,                0.77518,                0.86412,                0.91361,                0.67577,                0.17813,                 0.7445,                 1.4053,               0.004258,               0.004258,               0.004258
                    119,                0.75665,                0.80378,                  1.375,                0.76073,                0.85942,                0.90696,                0.68235,                0.17452,                0.76443,                  1.391,              0.0042085,              0.0042085,              0.0042085
                    120,                0.74524,                0.79943,                 1.3652,                 0.8516,                0.86149,                0.92137,                0.68172,                0.17896,                 0.7216,                 1.3981,               0.004159,               0.004159,               0.004159
                    121,                0.72565,                0.78654,                 1.3426,                0.82346,                0.84156,                 0.9203,                0.67465,                0.18081,                0.74997,                 1.4022,              0.0041095,              0.0041095,              0.0041095
                    122,                0.74688,                0.79534,                 1.3672,                0.81872,                0.81143,                0.91692,                0.67154,                0.18364,                0.73023,                 1.4126,                0.00406,                0.00406,                0.00406
                    123,                0.72809,                0.77703,                 1.3476,                0.85069,                0.78092,                0.92404,                0.70128,                0.17087,                0.73014,                 1.3889,              0.0040105,              0.0040105,              0.0040105
                    124,                0.74268,                0.77928,                 1.3529,                 0.7923,                0.85855,                0.92278,                0.68541,                0.17634,                0.74498,                 1.4033,               0.003961,               0.003961,               0.003961
                    125,                 0.7252,                0.76952,                 1.3448,                0.79272,                0.81554,                0.91103,                0.65631,                0.18355,                0.76265,                 1.4103,              0.0039115,              0.0039115,              0.0039115
                    126,                0.71918,                0.76486,                 1.3348,                 0.7983,                0.84196,                0.91453,                0.66636,                0.17617,                0.75975,                 1.3884,               0.003862,               0.003862,               0.003862
                    127,                0.73713,                0.78111,                 1.3617,                0.79855,                 0.8334,                0.90863,                0.67205,                0.17798,                0.75214,                 1.3989,              0.0038125,              0.0038125,              0.0038125
                    128,                0.71299,                0.75838,                  1.331,                0.79375,                0.83311,                0.90603,                0.67959,                 0.1772,                0.71636,                 1.3959,               0.003763,               0.003763,               0.003763
                    129,                0.73147,                0.75977,                 1.3437,                 0.7382,                 0.8549,                0.90202,                0.65553,                0.18043,                0.76221,                 1.4055,              0.0037135,              0.0037135,              0.0037135
                    130,                0.72457,                0.75309,                 1.3369,                0.84874,                0.72279,                0.88612,                0.65467,                0.17826,                 0.7582,                 1.4052,               0.003664,               0.003664,               0.003664
                    131,                0.72489,                0.75602,                 1.3413,                0.80444,                0.87453,                0.91834,                0.70369,                0.16681,                0.69343,                 1.3693,              0.0036145,              0.0036145,              0.0036145
                    132,                0.72941,                0.75896,                 1.3396,                0.84202,                0.80209,                0.90826,                0.68057,                0.18027,                0.72325,                 1.4127,               0.003565,               0.003565,               0.003565
                    133,                0.72661,                0.76686,                 1.3401,                0.75565,                0.83367,                0.90514,                0.68909,                0.16613,                0.70943,                 1.3739,              0.0035155,              0.0035155,              0.0035155
                    134,                0.72285,                0.76021,                 1.3333,                0.80263,                0.89139,                0.92588,                0.69772,                0.16955,                0.68856,                 1.3771,               0.003466,               0.003466,               0.003466
                    135,                0.70127,                 0.7413,                 1.3195,                0.82605,                0.90469,                0.93363,                0.70503,                0.16892,                0.71201,                 1.3807,              0.0034165,              0.0034165,              0.0034165
                    136,                0.71388,                0.73746,                  1.327,                0.78498,                0.88759,                 0.9111,                 0.6832,                 0.1752,                0.73998,                 1.4058,               0.003367,               0.003367,               0.003367
                    137,                0.70476,                 0.7413,                 1.3253,                0.86413,                0.83343,                0.92453,                0.69373,                0.16731,                0.69932,                 1.3762,              0.0033175,              0.0033175,              0.0033175
                    138,                0.70715,                0.73313,                 1.3143,                 0.8653,                0.88121,                 0.9377,                 0.6927,                0.17303,                0.69093,                 1.3839,               0.003268,               0.003268,               0.003268
                    139,                0.72851,                0.75058,                 1.3415,                0.83729,                0.84554,                0.92143,                0.68215,                0.17346,                0.70287,                 1.3878,              0.0032185,              0.0032185,              0.0032185
                    140,                0.69467,                0.73815,                 1.3153,                0.77928,                0.86741,                 0.9214,                0.69533,                0.16631,                0.68952,                 1.3701,               0.003169,               0.003169,               0.003169
                    141,                0.70769,                0.74824,                 1.3278,                0.81199,                0.81455,                0.91344,                 0.6835,                0.17577,                0.71242,                 1.3927,              0.0031195,              0.0031195,              0.0031195
                    142,                0.69722,                0.73901,                 1.3232,                0.80833,                0.88405,                0.91797,                0.68556,                0.17609,                0.67884,                 1.3869,                0.00307,                0.00307,                0.00307
                    143,                0.70913,                0.74136,                 1.3319,                0.79722,                0.91542,                0.92802,                0.69727,                0.16717,                0.65927,                 1.3705,              0.0030205,              0.0030205,              0.0030205
                    144,                0.70459,                0.72878,                 1.3246,                0.79739,                0.84777,                0.92112,                0.67959,                0.17352,                0.69263,                 1.3892,               0.002971,               0.002971,               0.002971
                    145,                0.69932,                0.72697,                 1.3041,                0.86871,                0.86328,                0.93913,                0.71042,                 0.1601,                0.67681,                 1.3528,              0.0029215,              0.0029215,              0.0029215
                    146,                0.70832,                0.73456,                  1.315,                0.83857,                0.89169,                0.94529,                0.70426,                 0.1606,                0.66342,                 1.3585,               0.002872,               0.002872,               0.002872
                    147,                0.68881,                 0.7207,                 1.3085,                0.82976,                0.86222,                0.93315,                0.71104,                0.15766,                0.66823,                 1.3495,              0.0028225,              0.0028225,              0.0028225
                    148,                0.69166,                0.72728,                 1.3103,                0.79532,                0.83969,                0.90882,                0.69009,                0.16221,                0.69511,                 1.3644,               0.002773,               0.002773,               0.002773
                    149,                0.69031,                0.71951,                 1.3023,                0.81285,                0.90872,                0.93382,                0.70414,                0.15615,                0.65896,                 1.3459,              0.0027235,              0.0027235,              0.0027235
                    150,                0.68498,                0.71966,                 1.3084,                0.80386,                 0.9211,                 0.9401,                0.70816,                0.16128,                 0.6746,                  1.357,               0.002674,               0.002674,               0.002674
                    151,                0.69774,                0.73332,                 1.3224,                0.83912,                0.88868,                0.93065,                0.69454,                0.16766,                0.67824,                 1.3786,              0.0026245,              0.0026245,              0.0026245
                    152,                0.68407,                0.71074,                 1.2975,                0.83265,                0.85032,                0.91855,                0.68083,                0.17683,                0.69728,                 1.3946,               0.002575,               0.002575,               0.002575
                    153,                0.69366,                0.71393,                 1.2986,                0.83403,                0.79612,                0.91643,                0.68929,                 0.1645,                0.69644,                 1.3635,              0.0025255,              0.0025255,              0.0025255
                    154,                0.68606,                0.72079,                 1.3093,                0.79218,                0.88439,                 0.9196,                0.69004,                0.16943,                0.68912,                 1.3758,               0.002476,               0.002476,               0.002476
                    155,                0.68317,                0.70791,                 1.2977,                0.75803,                0.85648,                0.90989,                0.68851,                0.16533,                0.66655,                 1.3669,              0.0024265,              0.0024265,              0.0024265
                    156,                0.67582,                0.71293,                 1.3051,                0.86566,                0.81035,                0.92394,                0.69166,                0.16698,                0.66259,                 1.3766,               0.002377,               0.002377,               0.002377
                    157,                 0.6795,                0.70834,                 1.2959,                 0.8121,                0.89731,                0.93415,                0.71023,                0.16437,                0.64326,                 1.3588,              0.0023275,              0.0023275,              0.0023275
                    158,                0.67399,                0.70915,                 1.2897,                0.81756,                0.87668,                0.93046,                0.70408,                0.16126,                0.65518,                 1.3635,               0.002278,               0.002278,               0.002278
                    159,                0.68887,                0.70788,                  1.301,                0.84835,                0.85582,                0.93406,                0.70454,                0.15863,                0.66775,                 1.3493,              0.0022285,              0.0022285,              0.0022285
                    160,                0.66186,                0.68451,                 1.2747,                0.82706,                0.89729,                0.92925,                0.69533,                0.16578,                0.68809,                 1.3767,               0.002179,               0.002179,               0.002179
                    161,                0.68172,                0.70806,                 1.3048,                0.83751,                0.80503,                0.92262,                0.69444,                0.16276,                0.68745,                 1.3592,              0.0021295,              0.0021295,              0.0021295
                    162,                0.66942,                0.69516,                 1.2842,                0.87969,                0.90597,                0.95009,                0.72006,                0.16583,                0.64658,                 1.3681,                0.00208,                0.00208,                0.00208
                    163,                0.65849,                0.68761,                 1.2796,                0.86814,                0.85745,                0.93652,                0.71145,                0.15993,                0.65335,                 1.3623,              0.0020305,              0.0020305,              0.0020305
                    164,                0.67213,                0.70482,                 1.2952,                  0.854,                0.85424,                0.93417,                0.70262,                0.16148,                0.65676,                 1.3626,               0.001981,               0.001981,               0.001981
                    165,                0.67309,                0.70315,                 1.2958,                 0.8197,                0.89483,                0.93313,                0.69512,                0.15893,                0.65458,                 1.3548,              0.0019315,              0.0019315,              0.0019315
                    166,                0.66931,                 0.6995,                 1.2895,                0.84112,                0.85132,                 0.9269,                0.69479,                0.16232,                0.67231,                 1.3603,               0.001882,               0.001882,               0.001882
                    167,                0.67968,                0.69914,                 1.2992,                0.88097,                0.83803,                0.93247,                0.69759,                0.15914,                0.65284,                 1.3601,              0.0018325,              0.0018325,              0.0018325
                    168,                 0.6678,                0.69076,                 1.2894,                0.84288,                0.82271,                0.91657,                0.69458,                0.15769,                0.65777,                 1.3503,               0.001783,               0.001783,               0.001783
                    169,                0.67542,                0.69916,                 1.2895,                 0.8421,                0.88097,                0.93361,                0.70414,                 0.1582,                0.64893,                  1.351,              0.0017335,              0.0017335,              0.0017335
                    170,                0.66675,                0.68383,                 1.2733,                0.84548,                0.86681,                0.93627,                 0.7009,                0.15998,                 0.6526,                 1.3564,               0.001684,               0.001684,               0.001684
                    171,                 0.6659,                0.68105,                 1.2734,                0.85635,                0.83842,                0.93479,                0.70855,                0.15694,                 0.6615,                 1.3506,              0.0016345,              0.0016345,              0.0016345
                    172,                0.66229,                 0.6968,                 1.2737,                0.84419,                0.89365,                0.94252,                0.71226,                 0.1593,                0.65393,                 1.3526,               0.001585,               0.001585,               0.001585
                    173,                0.66691,                 0.6784,                 1.2806,                0.84467,                0.89777,                0.94414,                0.70872,                0.16045,                0.65463,                 1.3578,              0.0015355,              0.0015355,              0.0015355
                    174,                0.66462,                0.69776,                 1.2816,                0.86579,                0.87913,                0.94021,                0.71617,                0.16199,                0.65494,                 1.3601,               0.001486,               0.001486,               0.001486
                    175,                0.66208,                 0.6812,                 1.2772,                0.82042,                0.87918,                0.92935,                0.71147,                0.15983,                0.66994,                 1.3475,              0.0014365,              0.0014365,              0.0014365
                    176,                0.65491,                0.67779,                 1.2639,                0.87209,                0.87101,                0.93489,                  0.714,                0.15716,                0.63856,                  1.344,               0.001387,               0.001387,               0.001387
                    177,                0.65254,                0.67706,                 1.2648,                0.88261,                0.86275,                0.93572,                0.71248,                0.15494,                0.63402,                  1.342,              0.0013375,              0.0013375,              0.0013375
                    178,                 0.6564,                0.66368,                 1.2676,                0.78878,                0.88257,                0.92776,                0.70739,                0.15854,                0.64818,                 1.3501,               0.001288,               0.001288,               0.001288
                    179,                 0.6508,                0.67158,                 1.2654,                0.83083,                 0.8706,                0.93278,                0.70931,                0.15838,                0.64068,                 1.3439,              0.0012385,              0.0012385,              0.0012385
                    180,                0.67017,                0.68598,                 1.2958,                0.80299,                0.90111,                0.93187,                0.70069,                0.15877,                0.63612,                   1.35,               0.001189,               0.001189,               0.001189
                    181,                0.65933,                0.67247,                 1.2718,                0.77068,                0.92954,                0.94235,                0.71322,                0.15734,                0.64305,                 1.3456,              0.0011395,              0.0011395,              0.0011395
                    182,                0.64617,                0.66711,                 1.2659,                0.83964,                0.88895,                0.94299,                0.70839,                0.15861,                0.63505,                  1.344,                0.00109,                0.00109,                0.00109
                    183,                0.65571,                0.66677,                 1.2693,                0.79244,                0.87588,                0.92778,                0.69896,                0.15898,                0.64197,                 1.3532,              0.0010405,              0.0010405,              0.0010405
                    184,                0.65414,                0.67232,                 1.2715,                   0.82,                0.89517,                0.93842,                0.70922,                0.15802,                0.61671,                 1.3519,               0.000991,               0.000991,               0.000991
                    185,                0.64327,                0.66129,                 1.2642,                0.86686,                0.86424,                0.94102,                 0.7078,                 0.1583,                0.62153,                 1.3511,              0.0009415,              0.0009415,              0.0009415
                    186,                0.65643,                0.67402,                 1.2767,                 0.8564,                  0.873,                0.94202,                0.71015,                0.16086,                0.62554,                 1.3568,               0.000892,               0.000892,               0.000892
                    187,                0.65154,                0.67666,                 1.2729,                0.82694,                0.90886,                0.94006,                0.71818,                0.15575,                0.63321,                 1.3406,              0.0008425,              0.0008425,              0.0008425
                    188,                0.64645,                0.66246,                 1.2623,                0.84772,                0.89563,                 0.9403,                 0.7214,                0.15432,                0.62976,                 1.3388,               0.000793,               0.000793,               0.000793
                    189,                0.62905,                0.66271,                 1.2445,                0.85691,                0.85618,                0.93645,                0.70583,                0.15354,                0.63793,                  1.339,              0.0007435,              0.0007435,              0.0007435
                    190,                0.65182,                0.65855,                 1.2708,                0.83636,                0.87002,                0.93659,                0.70977,                0.15336,                0.63317,                 1.3356,               0.000694,               0.000694,               0.000694
                    191,                0.57529,                0.60704,                 1.2468,                 0.8129,                0.83325,                0.91875,                0.68067,                0.17286,                0.70867,                  1.387,              0.0006445,              0.0006445,              0.0006445
                    192,                 0.5411,                0.55939,                 1.2149,                0.82825,                0.84185,                0.93385,                0.70603,                0.16539,                0.68281,                 1.3715,               0.000595,               0.000595,               0.000595
                    193,                0.55145,                0.55743,                 1.2171,                0.85088,                0.85375,                0.93641,                0.71306,                 0.1608,                0.65539,                 1.3554,              0.0005455,              0.0005455,              0.0005455
                    194,                0.55403,                0.55032,                 1.2152,                0.82709,                0.88559,                 0.9342,                0.71045,                0.15668,                0.65674,                 1.3464,               0.000496,               0.000496,               0.000496
                    195,                0.54948,                0.54627,                 1.2164,                0.83086,                0.89381,                0.93824,                0.71526,                0.15598,                0.64072,                 1.3415,              0.0004465,              0.0004465,              0.0004465
                    196,                0.53664,                0.53309,                  1.198,                0.82249,                0.88137,                0.93356,                0.71072,                0.15588,                0.64748,                 1.3423,               0.000397,               0.000397,               0.000397
                    197,                0.55257,                 0.5331,                 1.2038,                0.80323,                0.87719,                0.92687,                0.70599,                0.15329,                0.64182,                 1.3362,              0.0003475,              0.0003475,              0.0003475
                    198,                0.54844,                0.52877,                 1.1952,                0.77717,                0.87731,                0.92276,                0.70071,                0.15217,                0.64608,                 1.3365,               0.000298,               0.000298,               0.000298
                    199,                0.55645,                0.54701,                 1.2125,                0.77169,                0.88599,                0.91804,                0.69524,                0.15254,                0.64662,                 1.3399,              0.0002485,              0.0002485,              0.0002485
                    200,                0.55492,                0.54288,                 1.2098,                0.78394,                0.88074,                 0.9216,                0.69783,                 0.1522,                0.64201,                 1.3399,               0.000199,               0.000199,               0.000199
